arwen /datos/arwen
bloch /datos/bloch
cannabis /datos/cannabis
carr /datos/carr
claustrum /datos/claustrum
ernst /datos/ernst
evarts /datos/evarts
evarts /datos/evarts2
fourier /datos/fourier
fourier /datos/fourier2
fourier /datos/fourier3
hahn /datos/hahn
jasper /datos/jasper
mansfield /datos/mansfield
mountcastle /datos/mountcastle
penfield /datos/penfield
purcell /datos/purcell
rabi /datos/rabi
rhesus /datos/rhesus
sherrington /datos/sherrington
sherrington /datos/sherrington2
talairach /datos/talairach
tanner /datos/tanner
tanner /datos/tanner2
torrey /datos/torrey
tournoux /datos/tournoux
